{
  "train_runtime": 331.6793,
  "train_samples_per_second": 89.255,
  "train_steps_per_second": 2.798,
  "total_flos": 3399340363040520.0,
  "train_loss": 0.08528523795820515,
  "epoch": 4.0,
  "train_accuracy": 0.9971625456019457,
  "train_precision": 0.9977869111602908,
  "train_recall": 0.9988922297831936,
  "train_f1": 0.9983392645314354
}