{
  "train_runtime": 504.3642,
  "train_samples_per_second": 58.696,
  "train_steps_per_second": 3.672,
  "total_flos": 2926184463298440.0,
  "train_loss": 0.09064974454201388,
  "epoch": 4.0,
  "train_accuracy": 0.9963518443453587,
  "train_precision": 0.996998420221169,
  "train_recall": 0.9987339768950784,
  "train_f1": 0.9978654439086094
}