{
  "train_runtime": 504.4087,
  "train_samples_per_second": 58.691,
  "train_steps_per_second": 3.672,
  "total_flos": 2926184463298440.0,
  "train_loss": 0.07944447734580752,
  "epoch": 4.0,
  "train_accuracy": 0.9979732468585326,
  "train_precision": 0.9981036662452591,
  "train_recall": 0.9995252413356543,
  "train_f1": 0.9988139479718511
}