{
  "train_runtime": 377.3477,
  "train_samples_per_second": 58.84,
  "train_steps_per_second": 3.681,
  "total_flos": 2191382605108140.0,
  "train_loss": 0.10799201320966771,
  "epoch": 3.0,
  "train_accuracy": 0.9940548574516958,
  "train_precision": 0.9966756371695425,
  "train_recall": 0.9963601835733502,
  "train_f1": 0.9965178854067743
}