{
  "train_runtime": 250.6787,
  "train_samples_per_second": 88.572,
  "train_steps_per_second": 2.776,
  "total_flos": 2549082084870060.0,
  "train_loss": 0.1051395729012873,
  "epoch": 3.0,
  "train_accuracy": 0.9944602080799891,
  "train_precision": 0.9962061334176415,
  "train_recall": 0.9973097009020414,
  "train_f1": 0.9967576117042309
}