{
  "train_runtime": 377.7205,
  "train_samples_per_second": 58.782,
  "train_steps_per_second": 3.677,
  "total_flos": 2191382605108140.0,
  "train_loss": 0.10175860556790604,
  "epoch": 3.0,
  "train_accuracy": 0.9978381299824348,
  "train_precision": 0.9984184722441879,
  "train_recall": 0.9990504826713088,
  "train_f1": 0.998734377471919
}