{
  "train_runtime": 258.0542,
  "train_samples_per_second": 86.04,
  "train_steps_per_second": 2.697,
  "total_flos": 2549082084870060.0,
  "train_loss": 0.11310898692443452,
  "epoch": 3.0,
  "train_accuracy": 0.9939197405755978,
  "train_precision": 0.9954200884396716,
  "train_recall": 0.9974679537901566,
  "train_f1": 0.9964429689352621
}