{
  "train_runtime": 333.4946,
  "train_samples_per_second": 88.769,
  "train_steps_per_second": 2.783,
  "total_flos": 3399340363040520.0,
  "train_loss": 0.08944122339117117,
  "epoch": 4.0,
  "train_accuracy": 0.9967571949736522,
  "train_precision": 0.9971568472595167,
  "train_recall": 0.9990504826713088,
  "train_f1": 0.998102766798419
}