{
  "train_runtime": 249.5925,
  "train_samples_per_second": 88.957,
  "train_steps_per_second": 2.789,
  "total_flos": 2549082084870060.0,
  "train_loss": 0.11293901554469404,
  "epoch": 3.0,
  "train_accuracy": 0.9937846236995,
  "train_precision": 0.9949502919362474,
  "train_recall": 0.9977844595663871,
  "train_f1": 0.9963653603034134
}